shreya,60.0,1.524,25.83,Overweight
shrey,60.0,1.5544799999999999,24.83,Normal
shrey,60.0,1.524,25.83,Overweight
s,60.0,1.524,25.83,Overweight
sh,60.0,1.524,25.83,Overweight
sh,60.0,1.524,25.83,Overweight
bh,55.0,1.524,23.68,Normal
a,67.0,1.524,28.85,Overweight
sh,60.0,1.5544799999999999,24.83,Normal
shre,67.0,1.70688,23.0,Normal
ABC,60.0,1.61544,22.99,Normal
xyz,78.0,2.1336,17.13,Underweight
abc,60.0,1.70688,20.59,Normal
abc,60.0,1.7373600000000002,19.88,Normal
